,business_status,formatted_address,icon,icon_background_color,icon_mask_base_uri,name,photos,place_id,rating,reference,types,user_ratings_total,geometry.location.lat,geometry.location.lng,geometry.viewport.northeast.lat,geometry.viewport.northeast.lng,geometry.viewport.southwest.lat,geometry.viewport.southwest.lng,opening_hours.open_now,plus_code.compound_code,plus_code.global_code,price_level
6,OPERATIONAL,"Am Suteracher 14, 8048 Zürich, Switzerland",https://maps.gstatic.com/mapfiles/place_api/icons/v1/png_71/shopping-71.png,#4B96F3,https://maps.gstatic.com/mapfiles/place_api/icons/v2/shoppingcart_pinlet,Coop Supermarkt Zürich Suteracher,"[{'height': 1100, 'html_attributions': ['<a href=""https://maps.google.com/maps/contrib/102377438962900875782"">Coop Zuerich Suteracher</a>'], 'photo_reference': 'Aap_uEBsfXlQbKG2DTbHNzMhEi0hmBZf0jKdf8fDxdkpaomw-TpxqEXQTrA47NvGgZA1qApw2AZAPcF1WIbW5_65L_ArBsgvu-ypabmfaE6Zh8udlSoitzzjeqowzRC1YEVzBREDvJDhbGPXZPZQlIE_2kH4QKGzLjIZcOQMb7u52C6sYdkr', 'width': 2000}]",ChIJ6bEo5eoLkEcRo5q89S3axQ8,4.1,ChIJ6bEo5eoLkEcRo5q89S3axQ8,"['supermarket', 'grocery_or_supermarket', 'food', 'store', 'point_of_interest', 'establishment']",137,47.389955,8.4720952,47.39115337989273,8.47333762989272,47.38845372010729,8.470637970107276,True,9FQC+XR Zürich,8FVC9FQC+XR,
14,OPERATIONAL,"Badenerstrasse 244, 8004 Zürich, Switzerland",https://maps.gstatic.com/mapfiles/place_api/icons/v1/png_71/shopping-71.png,#4B96F3,https://maps.gstatic.com/mapfiles/place_api/icons/v2/shoppingcart_pinlet,Coop Supermarkt Zürich Lochergut,"[{'height': 3024, 'html_attributions': ['<a href=""https://maps.google.com/maps/contrib/103987726245828946560"">Elvis Olmedo Chavez Guillen</a>'], 'photo_reference': 'Aap_uEDo2YaBZA-mQNVlkbSnv4KF7Pn2H4Z3wXB-at_P9Fzd_He_i8axS7hunThxyIo_DK6RvYYtIsDQ4U9SQz3nM4rU7Ci1pwbonbdpRb_zaZAZqTAUIDNSE9iqo4Wbh7e2QF_Wk-mqn6MGMPUaUenc0jUmoVW4eaXr89HAnvJcgLuZqbFQ', 'width': 4032}]",ChIJteWyVyIKkEcR0I2C_1V3NVc,4.2,ChIJteWyVyIKkEcR0I2C_1V3NVc,"['supermarket', 'grocery_or_supermarket', 'food', 'store', 'point_of_interest', 'establishment']",662,47.3757341,8.5173337,47.37701387989271,8.518570579892721,47.37431422010727,8.515870920107277,True,9GG8+7W Zürich,8FVC9GG8+7W,
9,OPERATIONAL,"Badenerstrasse 333, 8003 Zürich, Switzerland",https://maps.gstatic.com/mapfiles/place_api/icons/v1/png_71/shopping-71.png,#4B96F3,https://maps.gstatic.com/mapfiles/place_api/icons/v2/shoppingcart_pinlet,Coop Supermarkt Zürich Albisriederplatz,"[{'height': 2204, 'html_attributions': ['<a href=""https://maps.google.com/maps/contrib/117986135461199034497"">Philipp Crelier</a>'], 'photo_reference': 'Aap_uEA4bmWQRgji6AIzqKNnqVWCPeZCWhdzb1m4G105VAbXOMUNCCbrEwyn91SiaRJ0ZdQtDne0cRpLsSJoe14GQFkMbdAwZ9UYTFsA4FrL_cuY3VC_HPXvM1Eek7YV1tihbVxlqMu3TmsUIFejeZ_9VerY_5PMvDKGTB_6O0s6wbhQcjO_', 'width': 3920}]",ChIJifEbwyQKkEcReeGy5M0-WeE,4.1,ChIJifEbwyQKkEcReeGy5M0-WeE,"['supermarket', 'grocery_or_supermarket', 'food', 'store', 'point_of_interest', 'establishment']",749,47.37771129999999,8.5111067,47.37910897989272,8.51254987989272,47.37640932010727,8.509850220107277,True,9GH6+3C Zürich,8FVC9GH6+3C,
2,OPERATIONAL,"Bahnhofbrücke 1, 8001 Zürich, Switzerland",https://maps.gstatic.com/mapfiles/place_api/icons/v1/png_71/shopping-71.png,#4B96F3,https://maps.gstatic.com/mapfiles/place_api/icons/v2/shoppingcart_pinlet,Coop Supermarkt Zürich Bahnhofbrücke,"[{'height': 1080, 'html_attributions': ['<a href=""https://maps.google.com/maps/contrib/115790722908841708184"">John Doe</a>'], 'photo_reference': 'Aap_uEBDHPbSGLxIctmFPhr5dlRoU44Xwd5wuIGPiW2iaN6l9f0VgP_wTEnolQgy0CQ9rDAy1vj5kO-Lf_XTT0I5u_Ju39L7Sy7G3XKG3qY44tqe8yx-xwcmAw1osrfLzicNc89rO9_T8PUxVMOgLWmo68bHoAxQM4B9YJLa_JxFlX77z2Ey', 'width': 1920}]",ChIJBUuIDAgKkEcR6dqDd_VHtbA,4.3,ChIJBUuIDAgKkEcR6dqDd_VHtbA,"['supermarket', 'grocery_or_supermarket', 'food', 'store', 'point_of_interest', 'establishment']",3000,47.3764584,8.5423575,47.37802197989272,8.54361672989272,47.37532232010727,8.540917070107277,True,9GGR+HW Zürich,8FVC9GGR+HW,2.0
11,OPERATIONAL,"Birmensdorferstrasse 200, 8003 Zürich, Switzerland",https://maps.gstatic.com/mapfiles/place_api/icons/v1/png_71/shopping-71.png,#4B96F3,https://maps.gstatic.com/mapfiles/place_api/icons/v2/shoppingcart_pinlet,Coop Supermarkt Zürich Wiedikon,"[{'height': 2988, 'html_attributions': ['<a href=""https://maps.google.com/maps/contrib/117226787559984370166"">Christophe Hurni</a>'], 'photo_reference': 'Aap_uEBiWBB2q4U1MuSWrI_dXlubFFZ-3KsbrZUjcug9P2Zm_0pf-L6V1aYp2hhucw3hA-_w4zgqAzDrwFh9_hrYIPkS9ZM33oj51NTorJZV9-blHt5FlLTRgF6cDTjX5jWcYYO6PtqtkN0DbRdf48ITWbJTP2aXZGTwwrHoGYRss6iTZ2FO', 'width': 5312}]",ChIJTx_WDRoKkEcRlRQJMmQLB_4,4.3,ChIJTx_WDRoKkEcRlRQJMmQLB_4,"['supermarket', 'grocery_or_supermarket', 'food', 'store', 'point_of_interest', 'establishment']",646,47.3707958,8.5160521,47.37203377989272,8.517428779892724,47.36933412010728,8.51472912010728,True,9GC8+8C Zürich,8FVC9GC8+8C,
0,OPERATIONAL,"Frankentalerstrasse 20, 8049 Zürich, Switzerland",https://maps.gstatic.com/mapfiles/place_api/icons/v1/png_71/shopping-71.png,#4B96F3,https://maps.gstatic.com/mapfiles/place_api/icons/v2/shoppingcart_pinlet,Coop Supermarket,"[{'height': 1100, 'html_attributions': ['<a href=""https://maps.google.com/maps/contrib/110087523937495145368"">A Google User</a>'], 'photo_reference': 'Aap_uEC3oHBwwq4xksphdLpAvs2bqa0mCnx7JkmNujK59-45yMWW7udzK4QMC1DTaOZIWYv5vy2uyU0qcMH39oPRQJboPcdPbObtVB-HVAXGqhplzENuF6DXRiN1II0Yd5BzIPCe0xrmwE8hpRjehy17pTvA7RtBObSC9GfGvWbq98P9EQXd', 'width': 2000}]",ChIJfVT3iKELkEcRoIeBfxOeBNY,4.3,ChIJfVT3iKELkEcRoIeBfxOeBNY,"['supermarket', 'grocery_or_supermarket', 'food', 'store', 'point_of_interest', 'establishment']",261,47.4058119,8.4813824,47.40715372989272,8.482728679892722,47.40445407010728,8.480029020107278,True,CF4J+8H Zürich,8FVCCF4J+8H,
13,OPERATIONAL,"Giessereistrasse 18, 8005 Zürich, Switzerland",https://maps.gstatic.com/mapfiles/place_api/icons/v1/png_71/shopping-71.png,#4B96F3,https://maps.gstatic.com/mapfiles/place_api/icons/v2/shoppingcart_pinlet,Coop Supermarkt Zürich Puls 5,"[{'height': 1100, 'html_attributions': ['<a href=""https://maps.google.com/maps/contrib/105526399052208641549"">Coop</a>'], 'photo_reference': 'Aap_uEAA6QWOahEs002JUYMukbcyumauHB1zrjirUpuWk4LlEclXbDZuWrPfKHRWLWINd6vyxV6AuZlMUQm8WAksiEvg3cBV6wEBww_M9ODMXTGk-3R1Xj-Ge09Nprx1VFefcRPCff9vl5OrLQnbOkV-SN9Gick6Y2NdqO6mzzXc543oByMf', 'width': 2000}]",ChIJXWesJkEKkEcRMMVu8fdKVq4,4.1,ChIJXWesJkEKkEcRMMVu8fdKVq4,"['supermarket', 'grocery_or_supermarket', 'food', 'store', 'point_of_interest', 'establishment']",225,47.3907648,8.518288499999999,47.39168517989272,8.519406879892722,47.38898552010728,8.516707220107278,True,9GR9+88 Zürich,8FVC9GR9+88,
10,OPERATIONAL,"Halle, Löwenstrasse, 8021 Zürich, Switzerland",https://maps.gstatic.com/mapfiles/place_api/icons/v1/png_71/shopping-71.png,#4B96F3,https://maps.gstatic.com/mapfiles/place_api/icons/v2/shoppingcart_pinlet,Coop Supermarkt Zürich ShopVille HB,"[{'height': 1100, 'html_attributions': ['<a href=""https://maps.google.com/maps/contrib/112720970969488469244"">A Google User</a>'], 'photo_reference': 'Aap_uEDcKljB5MuAsIrF-aOJqI3EBcVFHuUhtFouC3mmZlDIZ9tuR9jn9h6EisY0HDHelUpAdwSa4W-eSq6T3YTkM2FBA86pU5FbjiPw2O1LnBE97mAleVIe8yXWrEIR3oZLi2-3nrH0CndAXHYkv0lZFoY6QBbpisH9HolfjWIPbRZh9K99', 'width': 2000}]",ChIJTwg-2gUKkEcRGt4wjZvo6lg,4.0,ChIJTwg-2gUKkEcRGt4wjZvo6lg,"['supermarket', 'grocery_or_supermarket', 'food', 'store', 'point_of_interest', 'establishment']",809,47.37780739999999,8.5384649,47.37913127989272,8.539707379892723,47.37643162010728,8.53700772010728,True,9GHQ+49 Zürich,8FVC9GHQ+49,
16,OPERATIONAL,"Hofwiesenstrasse 370, 8050 Zürich, Switzerland",https://maps.gstatic.com/mapfiles/place_api/icons/v1/png_71/shopping-71.png,#4B96F3,https://maps.gstatic.com/mapfiles/place_api/icons/v2/shoppingcart_pinlet,Coop,"[{'height': 1100, 'html_attributions': ['<a href=""https://maps.google.com/maps/contrib/108183724618813119832"">A Google User</a>'], 'photo_reference': 'Aap_uEDAie5n2N0NHvJHxwdw3Hhb6ybcsL7B9iqXq9FYII_HXdT9jshVemGHwp_MTg75U7FL2OgG6V077DB5KquEOp0NH117NEGHjqHK_EfN62MvEUucje9PBPPb3_pnZ_bIxHyJ5WcsFOZcCrpCCUIRcGLQjam69dhk5d0uJdhi-ghbz2i3', 'width': 2000}]",ChIJ1WK49PgLkEcRRjRLrDyP_qs,4.2,ChIJ1WK49PgLkEcRRjRLrDyP_qs,"['supermarket', 'grocery_or_supermarket', 'food', 'store', 'point_of_interest', 'establishment']",303,47.4111989,8.544497,47.41243047989271,8.546009079892722,47.40973082010727,8.543309420107278,True,CG6V+FQ Zürich,8FVCCG6V+FQ,
12,OPERATIONAL,"Hohlstrasse 35, 8004 Zürich, Switzerland",https://maps.gstatic.com/mapfiles/place_api/icons/v1/png_71/shopping-71.png,#4B96F3,https://maps.gstatic.com/mapfiles/place_api/icons/v2/shoppingcart_pinlet,Coop Supermarkt Zürich Hohlstrasse,"[{'height': 1100, 'html_attributions': ['<a href=""https://maps.google.com/maps/contrib/117944296643244439323"">Coop Zuerich Hohlstrasse</a>'], 'photo_reference': 'Aap_uEAJOiX05IKvErGs96Oma2J5pScEuVUvS0YiBE0XznrYWOpSK575ZeEqkDJnFsSRqkA5j6_Av_c3MN1Wl7ZeE7-pQVOLLnK4CC7AQBuGfhyOUqXXBQ_GschijB56HsmpuqrA8RB4IKZB6aW7Xkwtgtn2n3iocsmDAltjFw1yjCp9C0FB', 'width': 2000}]",ChIJteWyVyIKkEcRed52ybQo6ts,4.0,ChIJteWyVyIKkEcRed52ybQo6ts,"['supermarket', 'grocery_or_supermarket', 'food', 'store', 'point_of_interest', 'establishment']",327,47.3771488,8.5265379,47.37853462989273,8.527920029892723,47.37583497010728,8.525220370107279,True,9GGG+RJ Zürich,8FVC9GGG+RJ,
17,OPERATIONAL,"Lindenpl. 6, 8048 Zürich, Switzerland",https://maps.gstatic.com/mapfiles/place_api/icons/v1/png_71/shopping-71.png,#4B96F3,https://maps.gstatic.com/mapfiles/place_api/icons/v2/shoppingcart_pinlet,Coop Supermarkt Zürich Lindenplatz,"[{'height': 1100, 'html_attributions': ['<a href=""https://maps.google.com/maps/contrib/110743088057921772990"">Coop Zuerich Lindenplatz</a>'], 'photo_reference': 'Aap_uECR7feVMG_DHJ45rO-5jzZicXXiUWihtKRt0sHpBL42D6v0dgR8k6y3YNSx2CtxPjY1fEasqE4Pms-9RhvGRpdbzTGBJWcNvJmDyoDeiJ_nw_XaWQRC3WID3eE3FWX4EOJzxGd32XvscKqPwXG4Vc0ik4jDM4uTkGynm7g48Tqj3QYz', 'width': 2000}]",ChIJeZIZA8kLkEcRrBtlVEevG5k,4.0,ChIJeZIZA8kLkEcRrBtlVEevG5k,"['supermarket', 'grocery_or_supermarket', 'food', 'store', 'point_of_interest', 'establishment']",283,47.3876386,8.4853846,47.38876627989272,8.48679442989272,47.38606662010728,8.484094770107276,True,9FQP+35 Zürich,8FVC9FQP+35,
4,OPERATIONAL,"Maagpl. 1, 8005 Zürich, Switzerland",https://maps.gstatic.com/mapfiles/place_api/icons/v1/png_71/shopping-71.png,#4B96F3,https://maps.gstatic.com/mapfiles/place_api/icons/v2/shoppingcart_pinlet,Coop Supermarkt Zürich Maagplatz,"[{'height': 1100, 'html_attributions': ['<a href=""https://maps.google.com/maps/contrib/116617493156159146747"">Coop Zuerich Maagplatz</a>'], 'photo_reference': 'Aap_uEAjrP8t0X40FySMkUhxlh9k3AohMmB1wcdaR5pdy5zXD5WAKRjSuEGjrDW5Ltf7NuTqCyUj3xfQOQv7KXuN7WXg-0ADqagSotVve9h6xeK_Ewd8JDyhyWqTX6KC3qNnvkptJQrR5brb2fRCzVbLcFZX0Eeg8q8yCAF6cnNfHDPBQFAn', 'width': 2000}]",ChIJ_9A0iXFzkEcRGO4MkdFBzrc,4.1,ChIJ_9A0iXFzkEcRGO4MkdFBzrc,"['supermarket', 'grocery_or_supermarket', 'food', 'store', 'point_of_interest', 'establishment']",60,47.3859754,8.516154,47.38746227989272,8.517749129892723,47.38476262010728,8.515049470107279,True,9GP8+9F Zürich,8FVC9GP8+9F,
15,OPERATIONAL,"Regensdorferstrasse 9, 8049 Zürich, Switzerland",https://maps.gstatic.com/mapfiles/place_api/icons/v1/png_71/shopping-71.png,#4B96F3,https://maps.gstatic.com/mapfiles/place_api/icons/v2/shoppingcart_pinlet,Coop Supermarkt Zürich Hönggermarkt,"[{'height': 1100, 'html_attributions': ['<a href=""https://maps.google.com/maps/contrib/113579643049391336049"">Coop Zuerich Hoenggermarkt</a>'], 'photo_reference': 'Aap_uEByV4zk5DK8B3xEv-Je41phRV4J_d_XNaBtUQRKvY7xOJbq9KHdyvdLb8F1PCsAwCQwysMLwAbb30rAaKu2aciyJsIHPP3WbUvyxbwQvd5nsywvu2Dt0TKngb4XEZbhkjEEbRxyF05NkfA6bG2Qj5o8LUe1pLNdGXF1HJD_jHfFSc_Q', 'width': 2000}]",ChIJ8WTzRqwLkEcRgLJV1RR5rFw,4.2,ChIJ8WTzRqwLkEcRgLJV1RR5rFw,"['supermarket', 'grocery_or_supermarket', 'food', 'store', 'point_of_interest', 'establishment']",284,47.4027056,8.4984139,47.40407947989272,8.499796079892722,47.40137982010727,8.497096420107278,True,CF3X+39 Zürich,8FVCCF3X+39,
8,OPERATIONAL,"Röntgenstrasse 48, 8005 Zürich, Switzerland",https://maps.gstatic.com/mapfiles/place_api/icons/v1/png_71/shopping-71.png,#4B96F3,https://maps.gstatic.com/mapfiles/place_api/icons/v2/shoppingcart_pinlet,Coop Supermarkt Zürich Josefstrasse,"[{'height': 1100, 'html_attributions': ['<a href=""https://maps.google.com/maps/contrib/117370494721669360815"">Coop Zuerich Josefstrasse</a>'], 'photo_reference': 'Aap_uEBMSLegTo1TCmbXqKPpWtJcq0sqtT1EGkRLqr2VQ40_HM8GrnVE2VoIj77lqhmj4hKuIxcy2LHE_tYF-LJ3NqpMKAmiJrmiIs4dmrBGPWPvgtCVKTBMIqEqEgcCYyq3t_sNpnXSUf08_6jF16DFm_BioGquyHY2lcVdHxbnK2pmTCXt', 'width': 2000}]",ChIJBw6ifhQKkEcRfijxLgDRXOQ,4.0,ChIJBw6ifhQKkEcRfijxLgDRXOQ,"['supermarket', 'grocery_or_supermarket', 'food', 'store', 'point_of_interest', 'establishment']",197,47.3847993,8.5272322,47.38617842989272,8.528478879892718,47.38347877010727,8.525779220107275,True,9GMG+WV Zürich,8FVC9GMG+WV,
7,OPERATIONAL,"Röschibachstrasse 22, 8037 Zürich, Switzerland",https://maps.gstatic.com/mapfiles/place_api/icons/v1/png_71/shopping-71.png,#4B96F3,https://maps.gstatic.com/mapfiles/place_api/icons/v2/shoppingcart_pinlet,Coop Supermarkt Zürich Wipkingerbrücke,"[{'height': 1920, 'html_attributions': ['<a href=""https://maps.google.com/maps/contrib/100733895743810115579"">elias meier</a>'], 'photo_reference': 'Aap_uECrlC6R0sGzOgXOADaZRErALipRU5-KhDLmJKlEmcYPH-GBRlfLZrSg9zd18968hLX7lwC9R9fZfQ57dGPoyKxX1cCjVWbah7zswOj-Eufeec4EQU59V9eCi5TS72le7n24JAsb--8bwGHsYPo9S5j7LxE2yp77hbg5Ir18BWvWvKGO', 'width': 2560}]",ChIJ-Vog-GkKkEcRSpN3HDvClnY,3.9,ChIJ-Vog-GkKkEcRSpN3HDvClnY,"['supermarket', 'grocery_or_supermarket', 'food', 'store', 'point_of_interest', 'establishment']",295,47.3927709,8.524651,47.39408792989272,8.525925279892721,47.39138827010727,8.523225620107278,True,9GVF+4V Zürich,8FVC9GVF+4V,
3,OPERATIONAL,"Rütihofstrasse 15, 8049 Zürich, Switzerland",https://maps.gstatic.com/mapfiles/place_api/icons/v1/png_71/shopping-71.png,#4B96F3,https://maps.gstatic.com/mapfiles/place_api/icons/v2/shoppingcart_pinlet,Coop Supermarkt Zürich Rütihof,"[{'height': 1100, 'html_attributions': ['<a href=""https://maps.google.com/maps/contrib/111798217426447035526"">Coop Zuerich Ruetihof</a>'], 'photo_reference': 'Aap_uEDfoPeV9m1RNqOo0ERpXGj5FsyZwy5CsRnU8MpPhzU1gT21HDYwWMuZ7v6qDuGi3N3Ih2MLbw-N2IMKQuwb1PNfnayWvCDH1ujGtkCPGpmgxtAP23DHirTaEJG9KdhCjT-MCA3w_GiphiG8PA25IPOVPzCeMHNRtA9dlKGol_bweaWp', 'width': 2000}]",ChIJzxVi73QLkEcRqPs8Nd-0uWU,3.8,ChIJzxVi73QLkEcRqPs8Nd-0uWU,"['supermarket', 'grocery_or_supermarket', 'food', 'store', 'point_of_interest', 'establishment']",112,47.413717,8.4795634,47.41517892989273,8.480814779892722,47.41247927010728,8.478115120107278,True,CF7H+FR Zürich,8FVCCF7H+FR,
18,OPERATIONAL,"Universitätstrasse 101, 8006 Zürich, Switzerland",https://maps.gstatic.com/mapfiles/place_api/icons/v1/png_71/shopping-71.png,#4B96F3,https://maps.gstatic.com/mapfiles/place_api/icons/v2/shoppingcart_pinlet,Coop Supermarkt Zürich Rigiplatz,"[{'height': 1100, 'html_attributions': ['<a href=""https://maps.google.com/maps/contrib/115272815637806793956"">Coop Zuerich Rigiplatz</a>'], 'photo_reference': 'Aap_uEDASnMCgOxHBbYAYXxyLW3zxZSAaZNE9msYPWl8LKqt0wvk6vlHSi1WS8Wb-bC7CMzDIdKysski__JSJnr7NlVa5DOSn8iuerIqGLyjo5j1lvoIcpo1Or-6VPzrwXop_lsw8yIYlTHec3Sqa7R2LK8SWE33aQKnR17mA1d9xH15Vw_9', 'width': 2000}]",ChIJ6UrCT6CgmkcRc66BhyTAc04,3.9,ChIJ6UrCT6CgmkcRc66BhyTAc04,"['supermarket', 'grocery_or_supermarket', 'food', 'store', 'point_of_interest', 'establishment']",99,47.3838811,8.5481176,47.38523247989273,8.549510579892722,47.38253282010728,8.546810920107278,True,9GMX+H6 Zürich,8FVC9GMX+H6,
5,OPERATIONAL,"Universitätstrasse 73, 8006 Zürich, Switzerland",https://maps.gstatic.com/mapfiles/place_api/icons/v1/png_71/shopping-71.png,#4B96F3,https://maps.gstatic.com/mapfiles/place_api/icons/v2/shoppingcart_pinlet,Coop Supermarkt Zürich Universitätstrasse,"[{'height': 3024, 'html_attributions': ['<a href=""https://maps.google.com/maps/contrib/108500849340443896400"">Donja Darai</a>'], 'photo_reference': 'Aap_uECy8Tg3ZsutPWXXhus136DFnBroXA77se-x5mmz-l-sAgMrPqt8gr32W67jkGxjdTYx36eSkdSf9A_sidNaNbvIudy6MBLPgqj6cLDnl4kMxqJZA5OWYjbdTSaF3P7-XBerRPDbIzjFzQf-7DH2C7_A0WkkwiSG7WxniDwnAEuC9NwG', 'width': 4032}]",ChIJkzTA46CgmkcRdMqv-tjwERQ,3.9,ChIJkzTA46CgmkcRdMqv-tjwERQ,"['supermarket', 'grocery_or_supermarket', 'food', 'store', 'point_of_interest', 'establishment']",238,47.3825177,8.5480238,47.38386717989273,8.549453129892722,47.38116752010728,8.546753470107278,True,9GMX+26 Zürich,8FVC9GMX+26,
1,OPERATIONAL,"Vulkanpl., 8048 Zürich, Switzerland",https://maps.gstatic.com/mapfiles/place_api/icons/v1/png_71/shopping-71.png,#4B96F3,https://maps.gstatic.com/mapfiles/place_api/icons/v2/shoppingcart_pinlet,Coop Supermarkt Zürich Westlink,"[{'height': 3024, 'html_attributions': ['<a href=""https://maps.google.com/maps/contrib/109325881275303332398"">Igor Bandalo</a>'], 'photo_reference': 'Aap_uEAavB2_IUcEUzendfbupUHU0tVQZC1HPyKqsaogG4djHfAn27B9PHjVlFZimqtV_GDMWsbXG8luo0-inNASAziu3rX6uw-BKTRfLNRlsYUsCf7950Huc5dGLwwW9dc0qyE7bE0qZHDI9XGqay1ny7BJLPcpRCsKU75vZVQogVZ-dmVG', 'width': 4032}]",ChIJn6zJrbcLkEcRbx0r_Fr7fVA,4.1,ChIJn6zJrbcLkEcRbx0r_Fr7fVA,"['supermarket', 'grocery_or_supermarket', 'food', 'store', 'point_of_interest', 'establishment']",417,47.3921058,8.4901239,47.39349482989272,8.491498979892722,47.39079517010727,8.488799320107278,True,9FRR+R3 Zürich,8FVC9FRR+R3,
19,OPERATIONAL,"Wolfgang-Pauli-Strasse 14, 8049 Zürich, Switzerland",https://maps.gstatic.com/mapfiles/place_api/icons/v1/png_71/shopping-71.png,#4B96F3,https://maps.gstatic.com/mapfiles/place_api/icons/v2/shoppingcart_pinlet,Coop Supermarkt Zürich ETH Hönggerberg,"[{'height': 1100, 'html_attributions': ['<a href=""https://maps.google.com/maps/contrib/118137392229820812592"">Coop Zuerich ETH Hoenggerberg</a>'], 'photo_reference': 'Aap_uEA3hYdamjnCFQgY7DN-ByS16s1S4k1Tny1YBdeElJNisaPKgyAt0CN_Sn455CFsS-2zqpUF8ZtdJr_dsS-B0Srl5sNirzN1y5tFoz2OYJoOljsgx8vzQ-VSNQv6UOtmP37jB2tadADDbRscX2noy0HHITJUIyrDg4UF7Hy9YLJNMUcR', 'width': 2000}]",ChIJRw4SNB0LkEcRYhmPPYIP6qk,3.9,ChIJRw4SNB0LkEcRYhmPPYIP6qk,"['supermarket', 'grocery_or_supermarket', 'food', 'store', 'point_of_interest', 'establishment']",143,47.4083915,8.5079119,47.40974647989272,8.509202479892723,47.40704682010728,8.50650282010728,True,CG55+95 Zürich,8FVCCG55+95,
0,OPERATIONAL,"In der Ey 85, 8047 Zürich, Switzerland",https://maps.gstatic.com/mapfiles/place_api/icons/v1/png_71/shopping-71.png,#4B96F3,https://maps.gstatic.com/mapfiles/place_api/icons/v2/shoppingcart_pinlet,Coop Supermarkt Zürich Triemli,"[{'height': 1100, 'html_attributions': ['<a href=""https://maps.google.com/maps/contrib/104140812609828457204"">Coop Zuerich Triemli</a>'], 'photo_reference': 'Aap_uECIn_i9WK6lA0h5sp-sWSoMo9gqPZMfio4Dwfy6JSyGPeLNM_-47sNMGM12ASsshwAlG9gL5mBR5hPA89yQGu8URomDhD6LsMWnGydrXz_BTU2G7dPYzsDbYm02V0y-n16ker9M-Imryyym-ZER2znXBHIlo4V96XZrjar_eWjItcHJ', 'width': 2000}]",ChIJU5wHWdULkEcRVLrX-Y3gI88,4.3,ChIJU5wHWdULkEcRVLrX-Y3gI88,"['supermarket', 'grocery_or_supermarket', 'food', 'point_of_interest', 'store', 'establishment']",223,47.3705382,8.4921778,47.37172947989272,8.49350912989272,47.36902982010728,8.490809470107276,True,9FCR+6V Zürich,8FVC9FCR+6V,
1,OPERATIONAL,"Zollstrasse 42, 8005 Zürich, Switzerland",https://maps.gstatic.com/mapfiles/place_api/icons/v1/png_71/shopping-71.png,#4B96F3,https://maps.gstatic.com/mapfiles/place_api/icons/v2/shoppingcart_pinlet,Coop Supermarkt Zürich Zollstrasse,"[{'height': 1100, 'html_attributions': ['<a href=""https://maps.google.com/maps/contrib/106325028175018560577"">Coop</a>'], 'photo_reference': 'Aap_uECxQROmy4ACFfgvXRt4U5glu5whK69_Rt6eqbHgB9RiVTTMjKx9k65yZ-QPlsKWTDva9hfWH0ZDCReZj0LtVvfR2N9PvUw1Ped6dqabVxp93wBMExjywm_1Tir4lMD1w_ZTBve9flo4NxKjwRHJ2HU0IG6zPplLijzA4FMbDt2Muy3D', 'width': 2000}]",ChIJycNoXQ4KkEcR9FjkT19AFzw,4.1,ChIJycNoXQ4KkEcR9FjkT19AFzw,"['supermarket', 'grocery_or_supermarket', 'food', 'point_of_interest', 'store', 'establishment']",139,47.380501,8.5348354,47.38197602989272,8.53615522989272,47.37927637010728,8.533455570107277,True,9GJM+5W Zürich,8FVC9GJM+5W,
2,OPERATIONAL,"Bleicherweg 19, 8002 Zürich, Switzerland",https://maps.gstatic.com/mapfiles/place_api/icons/v1/png_71/shopping-71.png,#4B96F3,https://maps.gstatic.com/mapfiles/place_api/icons/v2/shoppingcart_pinlet,Coop Supermarkt Zürich Bleicherweg,"[{'height': 3024, 'html_attributions': ['<a href=""https://maps.google.com/maps/contrib/106871465245330007342"">A Google User</a>'], 'photo_reference': 'Aap_uEBpJqbTgy88Fx45syv1wKCatX5S_QSN13jGepxYEjPjXbkVXpfjhLUqs5tmGZ5xiEuOwiYVVaoBtImYcGk1mB0T4PFry0x4fn0UGiQs6e6yzbHSA_CtEynxZLa0kJbr7veF9yzMGVYwbD5ck28tN-Gc3SmZBZgyEviMoTRQBgBXywUI', 'width': 4032}]",ChIJNdEUsJALkEcRf8VXsbY4wD8,3.9,ChIJNdEUsJALkEcRf8VXsbY4wD8,"['supermarket', 'grocery_or_supermarket', 'food', 'point_of_interest', 'store', 'establishment']",152,47.36785580000001,8.5360034,47.36930262989272,8.537307629892721,47.36660297010728,8.534607970107277,True,9G9P+4C Zürich,8FVC9G9P+4C,
3,OPERATIONAL,"Pfingstweidstrasse 106, 8005 Zürich, Switzerland",https://maps.gstatic.com/mapfiles/place_api/icons/v1/png_71/shopping-71.png,#4B96F3,https://maps.gstatic.com/mapfiles/place_api/icons/v2/shoppingcart_pinlet,Coop Supermarkt Zürich Hard Turm Park,"[{'height': 1100, 'html_attributions': ['<a href=""https://maps.google.com/maps/contrib/110369328345313335846"">Coop Zuerich Hard Turm Park</a>'], 'photo_reference': 'Aap_uEB0FrEFry7jr7ZNM9daKgQbDgoRDbaPMy0ElGlb-Kjb3YHXQQCqI7K9yB0hICsr4exVinfihkM4TUS54lL5XgD0EVRVXWsV3tU5cfgFFpUywTG3hgD3dwe6Nflx2Me9QEAuonOz5YEmr11BhtJ8O2gP-s_2K9h-dApZvmOGCrRTnn3o', 'width': 2000}]",ChIJPWPbBkkKkEcR8X-nb94BlVI,4.1,ChIJPWPbBkkKkEcR8X-nb94BlVI,"['supermarket', 'grocery_or_supermarket', 'food', 'point_of_interest', 'store', 'establishment']",225,47.3911136,8.5080083,47.39238192989273,8.509262329892723,47.38968227010728,8.506562670107279,True,9GR5+C6 Zürich,8FVC9GR5+C6,
4,OPERATIONAL,"Albisriederstrasse 334, 8047 Zürich, Switzerland",https://maps.gstatic.com/mapfiles/place_api/icons/v1/png_71/shopping-71.png,#4B96F3,https://maps.gstatic.com/mapfiles/place_api/icons/v2/shoppingcart_pinlet,Coop Supermarkt Zürich A-Park,"[{'height': 1100, 'html_attributions': ['<a href=""https://maps.google.com/maps/contrib/111945146312180483518"">Coop Zuerich A-Park</a>'], 'photo_reference': 'Aap_uEBpIrmHRkGQ2iRtRR5ejbCEpYOnuByxdMijvXjo3N8lueOqI3UD7yyNAh7fNnnjwuCe1OjtSNPLENndpG4B6acFaUf8XgPxwcsliMi0qB2VxGuDgMFCDPwQ8KUzqjfSzAtcUXorTz_Emu8UPW59yqj7iHRvGqk9D1VFhyzx3rnPalUU', 'width': 2000}]",ChIJe_dIMdcLkEcRAcqzjn6bRd8,4.0,ChIJe_dIMdcLkEcRAcqzjn6bRd8,"['supermarket', 'grocery_or_supermarket', 'food', 'point_of_interest', 'store', 'establishment']",384,47.3758858,8.487269399999999,47.37728717989272,8.488620479892722,47.37458752010728,8.485920820107278,True,9FGP+FR Zürich,8FVC9FGP+FR,
5,OPERATIONAL,"Europaallee 5, 8004 Zürich, Switzerland",https://maps.gstatic.com/mapfiles/place_api/icons/v1/png_71/shopping-71.png,#4B96F3,https://maps.gstatic.com/mapfiles/place_api/icons/v2/shoppingcart_pinlet,Coop Supermarkt Zürich Europaallee Passage,"[{'height': 2000, 'html_attributions': ['<a href=""https://maps.google.com/maps/contrib/105762852461024702064"">Coop</a>'], 'photo_reference': 'Aap_uEDOFoWa7lx_gDKZ38dfluZ1FD-QobeVva-YMLAJYgllSj7UkzlGZDzlO5qSVdmN3qjl6odAreyhXJu5BDKUrL2Atp1sTwIvr7rLMeMVhZ7mRMAZKfEZGCeoWBoOg75K5KwaZqoKAyT1sYlO1orDSeOdjpXgyUHLTBeGaVCg52XWvZI1', 'width': 3000}]",ChIJrYlCwA8KkEcRFaaZgrz8gwc,4.2,ChIJrYlCwA8KkEcRFaaZgrz8gwc,"['supermarket', 'grocery_or_supermarket', 'food', 'point_of_interest', 'store', 'establishment']",336,47.3780286,8.534917499999999,47.37934462989272,8.53662927989272,47.37664497010728,8.533929620107276,True,9GHM+6X Zürich,8FVC9GHM+6X,
6,OPERATIONAL,"Uetlibergstrasse 20, 8045 Zürich, Switzerland",https://maps.gstatic.com/mapfiles/place_api/icons/v1/png_71/shopping-71.png,#4B96F3,https://maps.gstatic.com/mapfiles/place_api/icons/v2/shoppingcart_pinlet,Coop Supermarkt Zürich Manessehof,"[{'height': 1100, 'html_attributions': ['<a href=""https://maps.google.com/maps/contrib/106654135717202112007"">Coop</a>'], 'photo_reference': 'Aap_uEBWTc6Gc9CG_qdrfFgAv94O358-wMZcmaKic76bkVvxUL5pER2wuTINhKSbMMcqjAbQUJoFnctfj7fDHJI7LKXjBvHiPFAefXs1IgfubxSZNsiMxKhgDJVGihQQUFthT4ZUvtd39qgkhAWew6bZ1tcWHU00VIyiXvK7vJVOPXwSVNfZ', 'width': 2000}]",ChIJHVi3JfQJkEcRJv9MWJcnqMA,4.0,ChIJHVi3JfQJkEcRJv9MWJcnqMA,"['supermarket', 'grocery_or_supermarket', 'food', 'point_of_interest', 'store', 'establishment']",235,47.36488989999999,8.5211127,47.36623892989271,8.522500929892722,47.36353927010727,8.519801270107278,False,9G7C+XC Zürich,8FVC9G7C+XC,
7,OPERATIONAL,"Badenerstrasse 15, 8004 Zürich, Switzerland",https://maps.gstatic.com/mapfiles/place_api/icons/v1/png_71/shopping-71.png,#4B96F3,https://maps.gstatic.com/mapfiles/place_api/icons/v2/shoppingcart_pinlet,Coop Supermarkt Zürich Stauffacher,"[{'height': 1100, 'html_attributions': ['<a href=""https://maps.google.com/maps/contrib/117766409017829518875"">Coop Zuerich Stauffacher</a>'], 'photo_reference': 'Aap_uECnXhfLwX7JOTZnCnkItZHwFvqsqmHcqrublZ-22KHCfupGrpc_DE-EnG-yyTwtAS76rwckFMtbO1CmCrqFEJLTnAg0eviRiRtQK7IwCoY2bBP0g6m22m0A-AkBFtSrm3rCxMT5IKVb9-eis7I-9Csy48JIte_TXhP2PbprcXgRAAcO', 'width': 2000}]",ChIJx0FaShsKkEcRmJj7xPh7kUY,4.1,ChIJx0FaShsKkEcRmJj7xPh7kUY,"['supermarket', 'grocery_or_supermarket', 'food', 'point_of_interest', 'store', 'establishment']",669,47.3734925,8.5306229,47.37489287989272,8.531996179892722,47.37219322010728,8.529296520107279,True,9GFJ+96 Zürich,8FVC9GFJ+96,
8,OPERATIONAL,"Stadelhoferstrasse 10, 8001 Zürich, Switzerland",https://maps.gstatic.com/mapfiles/place_api/icons/v1/png_71/shopping-71.png,#4B96F3,https://maps.gstatic.com/mapfiles/place_api/icons/v2/shoppingcart_pinlet,coop Zürich Stadelhofen,"[{'height': 1100, 'html_attributions': ['<a href=""https://maps.google.com/maps/contrib/115873540423664020301"">A Google User</a>'], 'photo_reference': 'Aap_uEAEFzHLbCjPK7mP1TY6FUgBvHVkX5qM_Nv6DU4stCPDT-d0Rl2oUTJLV1OUk8U7lcuPo4ucGRIUNqgSOGP0PQ2DFnMFMrpPMY22FOJghaPkHRVtcZSNAuYqVTP3tu-NFzAeTcqH7tQ1uu9W3xM7niycgTymThn8OPp8xhhjZAhYHUiJ', 'width': 2000}]",ChIJe4Xxp-ChmkcRQoDwtFTPTeQ,4.2,ChIJe4Xxp-ChmkcRQoDwtFTPTeQ,"['supermarket', 'grocery_or_supermarket', 'food', 'point_of_interest', 'store', 'establishment']",493,47.3665879,8.5478226,47.36791227989271,8.549140529892723,47.36521262010727,8.54644087010728,True,9G8X+J4 Zürich,8FVC9G8X+J4,
9,OPERATIONAL,"Vulkanstrasse 108, 8048 Zürich, Switzerland",https://maps.gstatic.com/mapfiles/place_api/icons/v1/png_71/shopping-71.png,#4B96F3,https://maps.gstatic.com/mapfiles/place_api/icons/v2/shoppingcart_pinlet,Coop Supermarkt Zürich Vulkanstrasse,"[{'height': 1100, 'html_attributions': ['<a href=""https://maps.google.com/maps/contrib/100143450934471301913"">A Google User</a>'], 'photo_reference': 'Aap_uEBcl7j0X8Wyp96AFvskGvv6er5-L9gqQKYDgrXobRXz5pSVXGF6LsTKQsGGtv8BTcujBE850HzFeBB30TPpiESFJVb1Wxl_oGQKB-nB9bM_tJZl3XsizZbU94q9hqr1lIqY2la7T7cPsjkroSq_qr1rxmUQi1C6mBYZwQHsZmk_2Lsi', 'width': 2000}]",ChIJhVuN5FMLkEcRFnlKkzsRQ44,4.3,ChIJhVuN5FMLkEcRFnlKkzsRQ44,"['supermarket', 'grocery_or_supermarket', 'food', 'point_of_interest', 'store', 'establishment']",50,47.3935247,8.4838335,47.39478377989272,8.48513372989272,47.39208412010727,8.482434070107276,True,9FVM+CG Zürich,8FVC9FVM+CG,
10,OPERATIONAL,"Bärengasse 16, 8001 Zürich, Switzerland",https://maps.gstatic.com/mapfiles/place_api/icons/v1/png_71/shopping-71.png,#4B96F3,https://maps.gstatic.com/mapfiles/place_api/icons/v2/shoppingcart_pinlet,Coop Supermarkt Zürich Bärengasse,"[{'height': 1100, 'html_attributions': ['<a href=""https://maps.google.com/maps/contrib/111362796849050565682"">Coop Zuerich Baerengasse</a>'], 'photo_reference': 'Aap_uED2Tvdj51x60U2nczar-qyjcFLF9EIll0zZHMWbwi7ErXYQtrTFu-rmgFTsYV12W_ARy8hV3IhMFADsv6hwFioUp_aMke2Yv9qEYeseFwf5a8YoPqF1DflVOFNh9zBQD4rHpgc7x4f8GESIS3l4GfAeS4OsibQDp_ga0fNs5IDO0CuV', 'width': 2000}]",ChIJJVh4EgEKkEcRbF_BNhkt9yU,4.2,ChIJJVh4EgEKkEcRbF_BNhkt9yU,"['supermarket', 'grocery_or_supermarket', 'food', 'point_of_interest', 'store', 'establishment']",259,47.3702034,8.5373202,47.37156582989272,8.53861687989272,47.36886617010728,8.535917220107276,True,9GCP+2R Zürich,8FVC9GCP+2R,
11,OPERATIONAL,"Tessinerpl. 10, 8002 Zürich, Switzerland",https://maps.gstatic.com/mapfiles/place_api/icons/v1/png_71/shopping-71.png,#4B96F3,https://maps.gstatic.com/mapfiles/place_api/icons/v2/shoppingcart_pinlet,Coop Supermarkt Zürich Enge Bahnhof,"[{'height': 1100, 'html_attributions': ['<a href=""https://maps.google.com/maps/contrib/103756428339163248069"">Aperto Zürich-Enge</a>'], 'photo_reference': 'Aap_uEDALZsEtHdoij4scnVA9VqoW6R-JxJM8KGavy_juvbTHscgZO5Oqlh4LA3Wz4hCYG_ryCT3zv54YijzdGcf_cInMp5Ind0BKn6Pf5k7IfuoAlCJI_k_7Eip04mkazmuMZfy5LgGcg6zOzDAM769V8t-Hg7Ik7O8A5nqrPrU2ixOk8TU', 'width': 2000}]",ChIJd6HCBvkJkEcR-p95T4wTZsw,3.8,ChIJd6HCBvkJkEcR-p95T4wTZsw,"['supermarket', 'grocery_or_supermarket', 'food', 'point_of_interest', 'store', 'establishment']",42,47.3644302,8.530957899999999,47.36580167989272,8.532473529892721,47.36310202010728,8.529773870107277,True,9G7J+Q9 Zürich,8FVC9G7J+Q9,
12,OPERATIONAL,"Schwamendingenstrasse 39, 8050 Zürich, Switzerland",https://maps.gstatic.com/mapfiles/place_api/icons/v1/png_71/shopping-71.png,#4B96F3,https://maps.gstatic.com/mapfiles/place_api/icons/v2/shoppingcart_pinlet,Coop Supermarkt Zürich Dorflinde,"[{'height': 1100, 'html_attributions': ['<a href=""https://maps.google.com/maps/contrib/106586979163903840901"">Coop Zuerich Dorflinde</a>'], 'photo_reference': 'Aap_uEAtwVPBuTvFqSce-qwvO5PPA2KX9B2wnLkMftPCRb2qSQ5sz8e-i3vUDIKPJstoK4muWiT1NMTaYGpUDBe2LRCxf9wF-9eYcJjhPpTn7dh-l0qM07cP5x1jRytJDUe9ihfFTC4hZ8mvFR-gNUGlwRARP7bal5CAN9zpFtOK_SbavPdp', 'width': 2000}]",ChIJk3synY8KkEcRPiSd8bYbHLo,4.0,ChIJk3synY8KkEcRPiSd8bYbHLo,"['supermarket', 'grocery_or_supermarket', 'food', 'point_of_interest', 'store', 'establishment']",260,47.4076138,8.5499337,47.40879392989272,8.551141329892722,47.40609427010728,8.548441670107279,True,CG5X+2X Zürich,8FVCCG5X+2X,
13,OPERATIONAL,"Baslerstrasse 50, 8066 Zürich, Switzerland",https://maps.gstatic.com/mapfiles/place_api/icons/v1/png_71/shopping-71.png,#4B96F3,https://maps.gstatic.com/mapfiles/place_api/icons/v2/shoppingcart_pinlet,Coop Supermarkt Zürich Letzipark,"[{'height': 1100, 'html_attributions': ['<a href=""https://maps.google.com/maps/contrib/113757700335169779390"">Coop Zuerich Letzipark</a>'], 'photo_reference': 'Aap_uEA725FQPeTaIMRGBTIgC4T37laYBIhFxcsxaht-MwKJYkc4DqFUceJnXxif5xLtSrylHQzUCVV1UBVnWIgyFY2m6PP3sBvQ_Q_YEIHsQNup81qzzAgjNpQVFyEvXWpsUm6b96YlI3aHrj2k7vgVj-JZdms6ST6stldmWMiUX0EkS84r', 'width': 2000}]",ChIJyRiXxDQKkEcRDb6eO6wEZmg,4.2,ChIJyRiXxDQKkEcRDb6eO6wEZmg,"['supermarket', 'grocery_or_supermarket', 'food', 'point_of_interest', 'store', 'establishment']",390,47.3859855,8.499333,47.38758132989272,8.500137749999997,47.38488167010727,8.497007149999996,True,9FPX+9P Zürich,8FVC9FPX+9P,
14,OPERATIONAL,"Wallisellenstrasse 333, 8050 Zürich, Switzerland",https://maps.gstatic.com/mapfiles/place_api/icons/v1/png_71/shopping-71.png,#4B96F3,https://maps.gstatic.com/mapfiles/place_api/icons/v2/shoppingcart_pinlet,Coop Supermarkt Zürich Precisa,"[{'height': 1100, 'html_attributions': ['<a href=""https://maps.google.com/maps/contrib/101511327987462700350"">Coop Zuerich Precisa</a>'], 'photo_reference': 'Aap_uECDGF1Mb6GHzrJVuJA8HzOtuHGaJxQHQ7mXHQuZ1jsavXOwEt-qfWTB39aDSMQWh7Py6X2WOu_zJNBuBZB75GCWsMmcOeTEBnsJHqc5MmgphvjFCowCzSZU2L0k1QfsArb4kyRQ0bIbfhyhQjxVHMron3Np63oHo6kIzNiTrO6haX21', 'width': 2000}]",ChIJ91SLpnugmkcRpZoFHIFAWyY,4.1,ChIJ91SLpnugmkcRpZoFHIFAWyY,"['supermarket', 'grocery_or_supermarket', 'food', 'point_of_interest', 'store', 'establishment']",297,47.4113768,8.562585,47.41271992989272,8.56371372989272,47.41002027010727,8.561014070107277,True,CH67+H2 Zürich,8FVCCH67+H2,
15,OPERATIONAL,"Badenerstrasse 650, 8048 Zürich, Switzerland",https://maps.gstatic.com/mapfiles/place_api/icons/v1/png_71/shopping-71.png,#4B96F3,https://maps.gstatic.com/mapfiles/place_api/icons/v2/shoppingcart_pinlet,Coop Supermarkt Zürich Altstetten,"[{'height': 1100, 'html_attributions': ['<a href=""https://maps.google.com/maps/contrib/106117847341213889319"">Coop Zuerich Altstetten</a>'], 'photo_reference': 'Aap_uEDuWfcaIaqsvOp19TGM23B-Sl7MdK9IkFQR9WrrOhLBEuN6HrWAqva1IgXN2BYQnBMpmNwC8Q6X1q5et8y2sU6OnQpnt-3gaR26blOnOJdpf29rK1eD_Yyc-0ZpIi5DXdS4YASfDGV97zChDLN18LHP9iYfLIjI4tVR-EXgIoY-fp15', 'width': 2000}]",ChIJeZIZA8kLkEcR6jYDL44vL-4,4.1,ChIJeZIZA8kLkEcR6jYDL44vL-4,"['supermarket', 'grocery_or_supermarket', 'food', 'point_of_interest', 'store', 'establishment']",314,47.3873678,8.4887277,47.38876337989272,8.490177029892724,47.38606372010727,8.48747737010728,True,9FQQ+2J Zürich,8FVC9FQQ+2J,
16,OPERATIONAL,"Scheffelstrasse 12, 8037 Zürich, Switzerland",https://maps.gstatic.com/mapfiles/place_api/icons/v1/png_71/shopping-71.png,#4B96F3,https://maps.gstatic.com/mapfiles/place_api/icons/v2/shoppingcart_pinlet,Coop Supermarkt Zürich Scheffelstrasse,"[{'height': 1100, 'html_attributions': ['<a href=""https://maps.google.com/maps/contrib/113943560465017512535"">Coop Zuerich Scheffelstrasse</a>'], 'photo_reference': 'Aap_uEBGQeh3VQ-l3t5Y0gRxuuBmREN8wY6l5ZfA8JJp_hgkHvUGtDk-rxIGCWG5tiOmbn_b75XTnV1KeyGD1lK1EOKO-b4JGiQ96EZ4Zlew1fmCijH40vj3dlYilYVUuaQo4j83a6ZZr4W3VqwViURRjqT6IhgO-VQotwiJSo9WLL0aIaMq', 'width': 2000}]",ChIJWcZrL2kKkEcRdFqDH3JcdDE,4.0,ChIJWcZrL2kKkEcRdFqDH3JcdDE,"['supermarket', 'grocery_or_supermarket', 'food', 'point_of_interest', 'store', 'establishment']",295,47.3938032,8.5295861,47.39511592989272,8.530863029892721,47.39241627010728,8.528163370107277,True,9GVH+GR Zürich,8FVC9GVH+GR,
17,OPERATIONAL,"Seefeldstrasse 35, 8008 Zürich, Switzerland",https://maps.gstatic.com/mapfiles/place_api/icons/v1/png_71/shopping-71.png,#4B96F3,https://maps.gstatic.com/mapfiles/place_api/icons/v2/shoppingcart_pinlet,Coop Supermarkt Zürich Brotgasse,"[{'height': 1100, 'html_attributions': ['<a href=""https://maps.google.com/maps/contrib/108382593925496018412"">Coop Zürich Brotgasse</a>'], 'photo_reference': 'Aap_uEAvtujEtmK87O3UbxCKkWZMnlCgZTrldEPmuSxxMIOyfRZOO7TZsfPDsU6JkT2YRrrea05jOt4bIlqNpGRDeJdXU-IEmsD0wrNgNodpFa3CpfXEiqtuU_M9F8KQVluDbXHmDlAmveedINN7tBU5WQwX1QYuERWrB5GwJUOQKNXGCeE7', 'width': 2000}]",ChIJJXQjWk6nmkcRkGvoO-99oVE,4.2,ChIJJXQjWk6nmkcRkGvoO-99oVE,"['supermarket', 'grocery_or_supermarket', 'food', 'point_of_interest', 'store', 'establishment']",114,47.36317469999999,8.5499358,47.36449127989271,8.551213579892723,47.36179162010727,8.548513920107279,True,9G7X+7X Zürich,8FVC9G7X+7X,
18,OPERATIONAL,"Museumstrasse, 8001 Zürich, Switzerland",https://maps.gstatic.com/mapfiles/place_api/icons/v1/png_71/shopping-71.png,#4B96F3,https://maps.gstatic.com/mapfiles/place_api/icons/v2/shoppingcart_pinlet,Coop,"[{'height': 3024, 'html_attributions': ['<a href=""https://maps.google.com/maps/contrib/106871465245330007342"">A Google User</a>'], 'photo_reference': 'Aap_uEAj3tlQnQbvCNr8JYu1xJsMDgLlUjxv8wGRTew07DRxHOgYvKSjiL6_YRhFbuwh4HL9scl_yN3-odoMZWiv6Up7OjmwoM962ttKpQXffTFLzn2d9_BI6oY8v8UWrcUunZtSIR9IRq0vH2qM1e57p5cTjEbQErcuxEJ3vr77NOSFg2dP', 'width': 4032}]",ChIJuQHq4AgKkEcRY14U5w5bJfQ,4.2,ChIJuQHq4AgKkEcRY14U5w5bJfQ,"['supermarket', 'grocery_or_supermarket', 'food', 'point_of_interest', 'store', 'establishment']",71,47.3778076,8.5384652,47.37887982989271,8.540917399999998,47.37618017010727,8.537647799999998,True,9GHQ+49 Zürich,8FVC9GHQ+49,
19,OPERATIONAL,"Sophie-Taeuber-Strasse 4, 8050 Zürich, Switzerland",https://maps.gstatic.com/mapfiles/place_api/icons/v1/png_71/shopping-71.png,#4B96F3,https://maps.gstatic.com/mapfiles/place_api/icons/v2/shoppingcart_pinlet,Coop Supermarkt Zürich Eleven,"[{'height': 1100, 'html_attributions': ['<a href=""https://maps.google.com/maps/contrib/101152469069031050594"">Coop Zürich Eleven</a>'], 'photo_reference': 'Aap_uECxNAG_Ikw1i3lKue1Rvc4bQmTg5QNiqt_BrZ6Ko28A5MGJPDdTfX7aTMpQBORHnKIRlZjZVPQSdoOp6lc74iZF4xleRU4mLSNi9pcI4M2_pEJqIjT3Vp2XY-RYGELQHdPUyUVqoIXtISFirnvZ5nmR-nFwZ7AMNoMilFsoY9_HbRGl', 'width': 2000}]",ChIJW_3Lt6mgmkcRZzq9UZyzvMs,4.3,ChIJW_3Lt6mgmkcRZzq9UZyzvMs,"['supermarket', 'grocery_or_supermarket', 'food', 'point_of_interest', 'store', 'establishment']",586,47.4131828,8.5406746,47.41431877989272,8.541831529892722,47.41161912010728,8.539131870107278,True,CG7R+77 Zürich,8FVCCG7R+77,
0,OPERATIONAL,"Bahnhofstrasse 57, 8001 Zürich, Switzerland",https://maps.gstatic.com/mapfiles/place_api/icons/v1/png_71/shopping-71.png,#4B96F3,https://maps.gstatic.com/mapfiles/place_api/icons/v2/shopping_pinlet,Coop Supermarkt City Zürich St. Annahof Food,"[{'height': 3024, 'html_attributions': ['<a href=""https://maps.google.com/maps/contrib/114713516228738053505"">Markus Blum</a>'], 'photo_reference': 'Aap_uEA8qmxHh9WeS-fIe2ByQleFkLTk750F7kHOkcDp7LSKlgRHCyd6pmXQdnUfXP3TmDZL64cQUkFjBlaKyp-lMCGTIN3xe8Oc6sIfEIJRF2ZV3nNguwJplQCjN2tgOb5LAZ4hj8oKY7qTBASn8GvPfh-BX37mKHWR7cLm-BaIoP8yndi2', 'width': 4032}]",ChIJXyZCmMILkEcRSFi34qPZI5U,4.3,ChIJXyZCmMILkEcRSFi34qPZI5U,"['department_store', 'store', 'point_of_interest', 'establishment']",2948,47.37295719999999,8.537843400000002,47.37421577989272,8.53879447989272,47.37151612010727,8.536094820107277,True,9GFQ+54 Zürich,8FVC9GFQ+54,
1,OPERATIONAL,"Forchstrasse 4, 8008 Zürich, Switzerland",https://maps.gstatic.com/mapfiles/place_api/icons/v1/png_71/shopping-71.png,#4B96F3,https://maps.gstatic.com/mapfiles/place_api/icons/v2/shoppingcart_pinlet,Coop Supermarkt Zürich Kreuzplatz,"[{'height': 1100, 'html_attributions': ['<a href=""https://maps.google.com/maps/contrib/107030538736747617096"">Coop Zuerich Kreuzplatz</a>'], 'photo_reference': 'Aap_uEDi9jDpSJt6P4Ka0cH9QEWscwuRjRGjEl7GxGfsQbWHrL1_cdMKLBNL3OZDLU8DAdSK7xd_osjyibaREhFbxQNTce2ybON5rnS_ruq6HZ3koQomYUU4aZqk8OGQlKRkP5keV7j22PNQ9KyV0TCKsBIu7bxsG1E6Qt4wfcz3msqVgTYB', 'width': 2000}]",ChIJdUL9H02nmkcRyUv1OUIJOkA,3.9,ChIJdUL9H02nmkcRyUv1OUIJOkA,"['supermarket', 'grocery_or_supermarket', 'store', 'food', 'point_of_interest', 'establishment']",211,47.3644499,8.5548427,47.36585592989272,8.556238579892723,47.36315627010728,8.553538920107279,True,9H73+QW Zürich,8FVC9H73+QW,
2,OPERATIONAL,"Seefeldstrasse 123, 8008 Zürich, Switzerland",https://maps.gstatic.com/mapfiles/place_api/icons/v1/png_71/shopping-71.png,#4B96F3,https://maps.gstatic.com/mapfiles/place_api/icons/v2/shoppingcart_pinlet,Coop Supermarkt Zürich Seefeld,"[{'height': 1100, 'html_attributions': ['<a href=""https://maps.google.com/maps/contrib/112758318176075773461"">Coop Zuerich Seefeld</a>'], 'photo_reference': 'Aap_uEB_9IB9QtFnuEHWA2lnJNHGmCiPyaxho7kNSmi4JBbmBFKvG3TnNBfWZ-ZS3FvuDW0WNa_diNUDslBA2P250iYRTGEIQ2EiTtyVwLCZV4nJ2S0eqSFbt3JTOxjncU5w-8yDq8_2wwWr2V89EIHsn9u_rBTfOGa2EPpuk7Oi-7LhLBAg', 'width': 2000}]",ChIJdUL9H02nmkcR9sm4Ipv4OMU,4.2,ChIJdUL9H02nmkcR9sm4Ipv4OMU,"['supermarket', 'grocery_or_supermarket', 'store', 'food', 'point_of_interest', 'establishment']",439,47.3580373,8.5547665,47.35929012989273,8.555907279892724,47.35659047010728,8.55320762010728,True,9H53+6W Zürich,8FVC9H53+6W,
3,OPERATIONAL,"Schwellistrasse 69, 8052 Zürich, Switzerland",https://maps.gstatic.com/mapfiles/place_api/icons/v1/png_71/shopping-71.png,#4B96F3,https://maps.gstatic.com/mapfiles/place_api/icons/v2/shoppingcart_pinlet,Coop Supermarkt Zürich Schwellistrasse,"[{'height': 1100, 'html_attributions': ['<a href=""https://maps.google.com/maps/contrib/106649947039878950429"">Coop Zuerich Schwellistrasse</a>'], 'photo_reference': 'Aap_uEBvl_qUwLCZAIC0OHmAHd8eHqZjOkpHW9zFrfEGhFiuZEmRIcY2yDYpSJrlTylYv3EAL1FmFzL0X7wvtPXrbMMJLCgSI4RSmSkT2MJBjIXYgKt984QDy2aObyKng1IzeryL6mspHeRgDGaNL7PWLQRgvMw3-326vApQyAwWwU3d2aMY', 'width': 2000}]",ChIJReNzlpUKkEcRZGI02kTFB4Q,4.2,ChIJReNzlpUKkEcRZGI02kTFB4Q,"['supermarket', 'grocery_or_supermarket', 'store', 'food', 'point_of_interest', 'establishment']",157,47.42494689999999,8.5376855,47.42632412989272,8.539044629892723,47.42362447010728,8.53634497010728,True,CGFQ+X4 Zürich,8FVCCGFQ+X4,
4,OPERATIONAL,"Mühlackerstrasse 199, 8046 Zürich, Switzerland",https://maps.gstatic.com/mapfiles/place_api/icons/v1/png_71/shopping-71.png,#4B96F3,https://maps.gstatic.com/mapfiles/place_api/icons/v2/shoppingcart_pinlet,Coop Supermarkt Zürich Mühlackerstrasse,"[{'height': 1100, 'html_attributions': ['<a href=""https://maps.google.com/maps/contrib/102524180889069223039"">Coop Zuerich Muehlackerstrasse</a>'], 'photo_reference': 'Aap_uEBOl9VAGt6NQNT6RbWofHbb4pFJY10E0LhVVSRqdsFhniagauOtG6w5I-1iKeJIQ56aNDscZd3gLz8ws51BEc14Vnz6yQHFBUc069XJAzdd8GZwZ1p4v3r4BSUA4O1LtdHsm1yrdWL7psAsLo3r-OIo5eQZ4-SHgcS1d4uekLW9zljR', 'width': 2000}]",ChIJRw4SNB0LkEcRWPYV38w7oL8,4.2,ChIJRw4SNB0LkEcRWPYV38w7oL8,"['supermarket', 'grocery_or_supermarket', 'store', 'food', 'point_of_interest', 'establishment']",221,47.4255113,8.4969846,47.42689862989272,8.49819062989272,47.42419897010727,8.495490970107276,True,CFGW+6Q Zürich,8FVCCFGW+6Q,
5,OPERATIONAL,"Wehntalerstrasse 549, 8046 Zürich, Switzerland",https://maps.gstatic.com/mapfiles/place_api/icons/v1/png_71/shopping-71.png,#4B96F3,https://maps.gstatic.com/mapfiles/place_api/icons/v2/shoppingcart_pinlet,Coop Supermarkt Zürich Wehntalerstrasse,"[{'height': 1100, 'html_attributions': ['<a href=""https://maps.google.com/maps/contrib/112216325186640357724"">Coop Zuerich Wehntalerstrasse</a>'], 'photo_reference': 'Aap_uEBID9YUc1eTX1kU3bzG-9-qDoan1FrflQNr9GDZT1wT4WKClx_Kcocig6XHdM18yqgBFiWlRj4oNNr8HIpjnYEJ0Z9Nu9UBIIUev8VpFUbNnw1BHJgsb-UmndpoZztJ_fOphQxrj04ts6jxgNcbDhPP8pwQhMDmtZP8J72AvspReRIH', 'width': 2000}]",ChIJRw4SNB0LkEcRExd1P9a5qdo,4.0,ChIJRw4SNB0LkEcRExd1P9a5qdo,"['supermarket', 'grocery_or_supermarket', 'store', 'food', 'point_of_interest', 'establishment']",205,47.4189272,8.5056214,47.42042662989272,8.507089979892722,47.41772697010728,8.504390320107278,True,CG94+H6 Zürich,8FVCCG94+H6,
6,OPERATIONAL,"Zürichbergstrasse 75, 8044 Zürich, Switzerland",https://maps.gstatic.com/mapfiles/place_api/icons/v1/png_71/shopping-71.png,#4B96F3,https://maps.gstatic.com/mapfiles/place_api/icons/v2/shoppingcart_pinlet,Coop Supermarkt Zürich Fluntern,"[{'height': 1100, 'html_attributions': ['<a href=""https://maps.google.com/maps/contrib/102711112576492731743"">Coop Zuerich Fluntern</a>'], 'photo_reference': 'Aap_uEBfczs8HmIsOdFCzZm8rwTOxpoowUYOlBE1ItZaHaJ0vztbHW4-O_STi8Kju6f5kbrzDIERn3tp_kyE4ikJ3nJ01LLJbT4Yba8KsgbLSIOAcNc0Z0Iv4PK65Cq6Tf1YppNdXOJmM2MJ9_bF7dk7i2OhjE90JravKOFcxKdYkYLymQfv', 'width': 2000}]",ChIJdUL9H02nmkcRU115IRS7Tn0,3.9,ChIJdUL9H02nmkcRU115IRS7Tn0,"['supermarket', 'grocery_or_supermarket', 'store', 'food', 'point_of_interest', 'establishment']",164,47.3764154,8.5595936,47.37779107989272,8.560880529892723,47.37509142010728,8.558180870107279,True,9HG5+HV Zürich,8FVC9HG5+HV,
7,OPERATIONAL,"Gutstrasse 159, 8047 Zürich, Switzerland",https://maps.gstatic.com/mapfiles/place_api/icons/v1/png_71/shopping-71.png,#4B96F3,https://maps.gstatic.com/mapfiles/place_api/icons/v2/shoppingcart_pinlet,Coop Supermarkt Zürich Gutstrasse,"[{'height': 1100, 'html_attributions': ['<a href=""https://maps.google.com/maps/contrib/103762730309358133085"">Coop Zuerich Gutstrasse</a>'], 'photo_reference': 'Aap_uECOS9U0-V4ryyTAdN-GWE5u-nHoEVToebi5B6xs0ct5PBZy1dV2Av77t1Zg7vb-sEymCVxDn7vBoMZkrsJtE8vq-WTMjJsh5N2lpnjlCsf6JbOM4gfeZmykBO4jIOKW_abB7NDEOCjDsA47T98dsgsSUzNcOG2kck4VXukBIsKFXj9s', 'width': 2000}]",ChIJvcXhJCkKkEcRH_-ZcFryCNo,3.9,ChIJvcXhJCkKkEcRH_-ZcFryCNo,"['supermarket', 'grocery_or_supermarket', 'store', 'food', 'point_of_interest', 'establishment']",212,47.3737036,8.502472599999999,47.37512527989272,8.50393632989272,47.37242562010728,8.501236670107277,True,9GF2+FX Zürich,8FVC9GF2+FX,
8,OPERATIONAL,"Alte Kalchbühlstrasse 15, 8038 Zürich, Switzerland",https://maps.gstatic.com/mapfiles/place_api/icons/v1/png_71/shopping-71.png,#4B96F3,https://maps.gstatic.com/mapfiles/place_api/icons/v2/shoppingcart_pinlet,Coop Supermarkt Zürich Wollishofen,"[{'height': 1100, 'html_attributions': ['<a href=""https://maps.google.com/maps/contrib/103940929911875888195"">Coop Zuerich Wollishofen</a>'], 'photo_reference': 'Aap_uEAPA75844dfL5C9_WgcVak1d6c5ReuRbVWlAeKlddmMjj6qZzNywXLTHTqTUGNghCZ2no2mEjdfwEBOIZGBfaJhsjAckBwcwNQnI2dOee4HUbVa5VNN9iWTjOr_f6GfQtKhRFYVHDzrdupJsQL5IPbUYvfbCMxwJo4cASxn8ErD3lG8', 'width': 2000}]",ChIJtd5NWdgJkEcR2n9icvFvjqI,4.3,ChIJtd5NWdgJkEcR2n9icvFvjqI,"['supermarket', 'grocery_or_supermarket', 'store', 'food', 'point_of_interest', 'establishment']",596,47.3398626,8.530491099999999,47.34137497989271,8.53189612989272,47.33867532010727,8.529196470107276,True,8GQJ+X8 Zürich,8FVC8GQJ+X8,
9,OPERATIONAL,"Milchbuckstrasse 1/5, 8057 Zürich, Switzerland",https://maps.gstatic.com/mapfiles/place_api/icons/v1/png_71/shopping-71.png,#4B96F3,https://maps.gstatic.com/mapfiles/place_api/icons/v2/shoppingcart_pinlet,Coop Supermarkt Zürich Milchbuck,"[{'height': 1100, 'html_attributions': ['<a href=""https://maps.google.com/maps/contrib/103352318968740717755"">Coop Zuerich Milchbuck</a>'], 'photo_reference': 'Aap_uEAVlz5H18H-v6XkJUu99MVIRcuG3KFuLNSokIrjpN1ay9LeiDUD6EOBzXVY8ie7z19fA8ObxfZn4HSI-1P1ZiXvx2V66CCyLeeTugitwkNwE_Cl6vN-ue2sQGLDLqseFCkz0GApT43_PHFl9UIXHGtzN7uAL-c8lNpUFmMQoXo9DzDE', 'width': 2000}]",ChIJXU7khXAKkEcRyiofAm8qceM,3.8,ChIJXU7khXAKkEcRyiofAm8qceM,"['supermarket', 'grocery_or_supermarket', 'store', 'food', 'point_of_interest', 'establishment']",403,47.3954544,8.540429699999999,47.39697867989272,8.541741379892722,47.39427902010728,8.539041720107278,True,9GWR+55 Zürich,8FVC9GWR+55,
10,OPERATIONAL,"Andreasstrasse 5, 8050 Zürich, Switzerland",https://maps.gstatic.com/mapfiles/place_api/icons/v1/png_71/shopping-71.png,#4B96F3,https://maps.gstatic.com/mapfiles/place_api/icons/v2/shoppingcart_pinlet,Coop Supermarkt Zürich Andreasturm,"[{'height': 1100, 'html_attributions': ['<a href=""https://maps.google.com/maps/contrib/109337539674406893061"">A Google User</a>'], 'photo_reference': 'Aap_uED9QwShGpRMzIwGMAv30tPjE6MQzvFuqa2M_boxDgTocq8-TqZZtJkLyCwTP4va3QAGeEjQk0VtwkHtdmUWq2i7QP2sPE-q_rzVNjoQc9WkrXWHqOc9R4YDSNGw4DxRYfTzr45FYHzmvhSWd85pCknOXxbxd5ExxLBCcfUs4tL1zuc2', 'width': 2000}]",ChIJIbLL9VYLkEcRbWHefo1OQxw,4.4,ChIJIbLL9VYLkEcRbWHefo1OQxw,"['supermarket', 'grocery_or_supermarket', 'store', 'food', 'point_of_interest', 'establishment']",108,47.41290499999999,8.5473555,47.41407642989272,8.54823877989272,47.41137677010727,8.545539120107277,True,CG7W+5W Zürich,8FVCCG7W+5W,
11,OPERATIONAL,"Saatlenstrasse 12, 8051 Zürich, Switzerland",https://maps.gstatic.com/mapfiles/place_api/icons/v1/png_71/shopping-71.png,#4B96F3,https://maps.gstatic.com/mapfiles/place_api/icons/v2/shoppingcart_pinlet,Coop Supermarkt Zürich Schwamendingen,"[{'height': 1100, 'html_attributions': ['<a href=""https://maps.google.com/maps/contrib/109606892713549354326"">Coop Zuerich Schwamendingen</a>'], 'photo_reference': 'Aap_uEDF-G5XPf9-tq1anPm79nzFD0_VfyG8CXbo_uQKhM6hmEwiYXpWgryIKYEgDBzBd51z7QNJ2d_o9Ahwh_6CB307QHQs3vz-_vr7MOFYOclLhXd9hj304W1flGpg3ttzcHmk-MxL7Yg6DZpZEkFYiMtpNkNwGxYMF2SQAEAr3c99Y2Fr', 'width': 2000}]",ChIJ-0XXwWGgmkcRUk9DeQ9cDqo,3.9,ChIJ-0XXwWGgmkcRUk9DeQ9cDqo,"['supermarket', 'grocery_or_supermarket', 'store', 'food', 'point_of_interest', 'establishment']",558,47.4048761,8.571610999999999,47.40619142989273,8.572914979892724,47.40349177010728,8.57021532010728,True,CH3C+XM Zürich,8FVCCH3C+XM,
12,OPERATIONAL,"Seestrasse 339, 8038 Zürich, Switzerland",https://maps.gstatic.com/mapfiles/place_api/icons/v1/png_71/shopping-71.png,#4B96F3,https://maps.gstatic.com/mapfiles/place_api/icons/v2/shoppingcart_pinlet,Coop Supermarkt Zürich Wollishofen Seestr.,"[{'height': 1100, 'html_attributions': ['<a href=""https://maps.google.com/maps/contrib/113566971184647102242"">Coop</a>'], 'photo_reference': 'Aap_uEDKAH7dk5KuPcCWWxGt48Ji0rnhgmaWw40tFYqjRilIgpo_s1Qz1LkOhLc7iwzBDZVWocxFXaOOHOGKWnomcI4apIT7GWN5wE9sWoOIbQ8QhbomI_XHUXnLRoXUYQVRRqdeXTnC4dqoba70aDL4MuItWYiAfjgWaVTbQRffvLYyPmDp', 'width': 2000}]",ChIJHd1I598JkEcRelTmD3KV3b8,4.1,ChIJHd1I598JkEcRelTmD3KV3b8,"['supermarket', 'grocery_or_supermarket', 'store', 'food', 'point_of_interest', 'establishment']",167,47.3471884,8.533073,47.34853147989272,8.534360379892721,47.34583182010728,8.531660720107277,True,8GWM+V7 Zürich,8FVC8GWM+V7,
13,OPERATIONAL,"Friesenbergpl. 3, 8045 Zürich, Switzerland",https://maps.gstatic.com/mapfiles/place_api/icons/v1/png_71/shopping-71.png,#4B96F3,https://maps.gstatic.com/mapfiles/place_api/icons/v2/shoppingcart_pinlet,Coop Supermarkt Zürich Zentrum Friesenberg,"[{'height': 1100, 'html_attributions': ['<a href=""https://maps.google.com/maps/contrib/103676796016590018480"">A Google User</a>'], 'photo_reference': 'Aap_uEBNkRbUbkJAZjFynpnYwPmV8St_OQeTExDiEgsSyQWoKeaBm3A0UtCQvIQFD1i0YPPCpRscDK8XSDmd69-aUBP1P09cQF6MSZKbj-YTTPJn0DdurSZ7sg3Bz-RfCTKrFU8-nk1puSadtslHynsYXQirF_FRlqJTqTd95W7KuMw9q1fR', 'width': 2000}]",ChIJt9-rXyAKkEcR2KENnw7LbUw,4.0,ChIJt9-rXyAKkEcR2KENnw7LbUw,"['supermarket', 'grocery_or_supermarket', 'store', 'food', 'point_of_interest', 'establishment']",86,47.3607817,8.5065929,47.36211132989273,8.507881329892722,47.35941167010728,8.505181670107278,True,9G64+8J Zürich,8FVC9G64+8J,
14,OPERATIONAL,"Maschinenstrasse 10, 8005 Zürich, Switzerland",https://maps.gstatic.com/mapfiles/place_api/icons/v1/png_71/shopping-71.png,#4B96F3,https://maps.gstatic.com/mapfiles/place_api/icons/v2/shoppingcart_pinlet,Coop Supermarkt Pfingstweidstrasse Prime 2,"[{'height': 1100, 'html_attributions': ['<a href=""https://maps.google.com/maps/contrib/109208364869105340789"">A Google User</a>'], 'photo_reference': 'Aap_uEAMIEFt9aztbkIf_p5GagPvRmaNU8zqzYl4myTT4n63-mMf01EQTppRQojwzOEph2GlcFDLmNKFZ5VRQF6iAYMjO-GXEk77TuVIbRfVvyIFKT8KWfwvjJo79YG8bzUe7s1bNT-Vvh30uApJ4vATZWj-Mcl5qlahr1US5ZGL3-o6lmpa', 'width': 2000}]",ChIJuYcXq00LkEcRwkQs_vtH_X4,4.4,ChIJuYcXq00LkEcRwkQs_vtH_X4,"['supermarket', 'grocery_or_supermarket', 'store', 'food', 'point_of_interest', 'establishment']",73,47.3873719,8.5173322,47.38861087989272,8.518567929892724,47.38591122010727,8.51586827010728,True,9GP8+XW Zürich,8FVC9GP8+XW,
15,OPERATIONAL,"Kalanderpl. 1, 8045 Zürich, Switzerland",https://maps.gstatic.com/mapfiles/place_api/icons/v1/png_71/shopping-71.png,#4B96F3,https://maps.gstatic.com/mapfiles/place_api/icons/v2/shoppingcart_pinlet,Coop Supermarkt Zürich Sihlcity Supermarkt,"[{'height': 1100, 'html_attributions': ['<a href=""https://maps.google.com/maps/contrib/113084320177869683646"">A Google User</a>'], 'photo_reference': 'Aap_uEDI6tWxIZP3CtibFQyfuGDOu82p2tJuXj-dtuUY8o2_PK6R7b6716iC8UXRYJydxRsUWUTqDhfyAgm5BpxtXxLbM--Mfiotr7XuGCGzgnWZ_oPnOvyBW_XYju_v52WwwRUTXt4gbKYDaB5HpkD9GUiEgAmxBbno9nkgkLBd1-oJjO3J', 'width': 2000}]",ChIJFwx7xe8JkEcRDrrE0f9X6mg,4.4,ChIJFwx7xe8JkEcRDrrE0f9X6mg,"['supermarket', 'grocery_or_supermarket', 'store', 'food', 'point_of_interest', 'establishment']",756,47.3576232,8.5231751,47.35917822989273,8.52387537989272,47.35647857010728,8.521175720107276,True,9G5F+27 Zürich,8FVC9G5F+27,
16,OPERATIONAL,"Wallisellenstrasse 1, 8050 Zürich, Switzerland",https://maps.gstatic.com/mapfiles/place_api/icons/v1/png_71/shopping-71.png,#4B96F3,https://maps.gstatic.com/mapfiles/place_api/icons/v2/shopping_pinlet,Coop City Zürich Oerlikon Food,"[{'height': 1100, 'html_attributions': ['<a href=""https://maps.google.com/maps/contrib/114253769729373995510"">Coop City Zürich Oerlikon Food</a>'], 'photo_reference': 'Aap_uEDc2yPMUIAhnLxAdxO1tVouzQdfX_vO6nIHDJfN8MZ2A0FUJ5NDzLAGRfYXXSF8GWUBP3NeJ-e8_7yb0rdC7pWlqph6hnQ-OyjGlcZlpYsUlrthPk2m_pluA87zco4vWxKs8LzM7667c-o2SGBVAnEa3NyJROfVzsxw_ZmaF8VqLLEo', 'width': 2000}]",ChIJB1QWpoYKkEcRgWviq2UyNOk,4.3,ChIJB1QWpoYKkEcRgWviq2UyNOk,"['department_store', 'store', 'point_of_interest', 'establishment']",995,47.4103751,8.5466839,47.41160412989272,8.54777222989272,47.40890447010728,8.545072570107276,False,CG6W+5M Zürich,8FVCCG6W+5M,
17,OPERATIONAL,"Hardstrasse 221, 8005 Zürich, Switzerland",https://maps.gstatic.com/mapfiles/place_api/icons/v1/png_71/shopping-71.png,#4B96F3,https://maps.gstatic.com/mapfiles/place_api/icons/v2/shoppingcart_pinlet,Coop Pronto Shop Zürich Prime Tower,"[{'height': 1036, 'html_attributions': ['<a href=""https://maps.google.com/maps/contrib/106436897073044383049"">Coop Pronto Shop</a>'], 'photo_reference': 'Aap_uECAjhSVyhUCk0kVfxA_WZkUhc4MW11JzeQKu9WRSG3WgSZQANwFSWEFVG4MGtVaj7SPfeYCeV583_PfoUHlryYl04ddBZl9mstd70BMtcqc0rjEqCisKV5u8VmKrzw7r98fob9gq1cIfUYwCOVyWGIyOpyiJ8GLmu7My1lZAfCkP6nV', 'width': 1800}]",ChIJS-n6eD8KkEcRp-VCGao7OuA,4.0,ChIJS-n6eD8KkEcRp-VCGao7OuA,"['supermarket', 'grocery_or_supermarket', 'store', 'food', 'point_of_interest', 'establishment']",152,47.3863975,8.517684299999999,47.38785772989272,8.51888242989272,47.38515807010727,8.516182770107276,True,9GP9+H3 Zürich,8FVC9GP9+H3,
18,OPERATIONAL,"Löwenstrasse 7, 8001 Zürich, Switzerland",https://maps.gstatic.com/mapfiles/place_api/icons/v1/png_71/shopping-71.png,#4B96F3,https://maps.gstatic.com/mapfiles/place_api/icons/v2/shoppingcart_pinlet,Coop Pronto Shop Zürich Löwenstrasse,"[{'height': 1036, 'html_attributions': ['<a href=""https://maps.google.com/maps/contrib/112429751371041965984"">Coop Zuerich Loewenstrasse</a>'], 'photo_reference': 'Aap_uEBuLnp1TCyD90bBgvbaQzCULvNg4ziGnpyIlzOvfK6ZgHgbEUigyMlj1bT8G2dmarSH8MHILcfMIwght_2cXyRjj5Mis-rYaFE1K0uvsTM0sDKy_E_5_WaLWT9FH4SW5abYvY2bP7No9BhX0PThCN87daYOfMxQcIonSJ8Ng7CCT5W6', 'width': 1800}]",ChIJsyElQgQKkEcRb91g8gMMjtQ,4.1,ChIJsyElQgQKkEcRb91g8gMMjtQ,"['supermarket', 'grocery_or_supermarket', 'store', 'food', 'point_of_interest', 'establishment']",84,47.3733678,8.534488,47.37467882989273,8.535942429892721,47.37197917010729,8.533242770107277,True,9GFM+8Q Zürich,8FVC9GFM+8Q,
19,OPERATIONAL,"Seefeldstrasse 199, 8008 Zürich, Switzerland",https://maps.gstatic.com/mapfiles/place_api/icons/v1/png_71/shopping-71.png,#4B96F3,https://maps.gstatic.com/mapfiles/place_api/icons/v2/shoppingcart_pinlet,Coop Supermarkt Zürich Tiefenbrunnen,"[{'height': 1100, 'html_attributions': ['<a href=""https://maps.google.com/maps/contrib/117283598568343664284"">Coop Zuerich Tiefenbrunnen</a>'], 'photo_reference': 'Aap_uEDeO2fVstaROqbtRVOcoF7NzIiHRCg9jlKoqJyyBdcsfBkXoQafpUHzIPu6KwubYDpnrR3776rLIePQC9NZ_Aj_iOhkx0Bwbh-x3qyc8MTMfpAPFUDFelWpvmVVQo9wLnm249bJB_k4-iYfEd70pohe1ahdB_t7BOJLRYZWA7XscLOn', 'width': 2000}]",ChIJcczfo0enmkcRcVGnSsAbTPE,3.9,ChIJcczfo0enmkcRcVGnSsAbTPE,"['supermarket', 'grocery_or_supermarket', 'store', 'food', 'point_of_interest', 'establishment']",190,47.3533693,8.559115,47.35465457989272,8.560312679892721,47.35195492010727,8.557613020107278,True,9H35+8J Zürich,8FVC9H35+8J,
